Method,Loci
BayeScan,75
BayeScan,114
BayeScan,121
BayeScan,122
BayeScan,145
BayeScan,188
BayeScan,191
BayeScan,206
BayeScan,282
BayeScan,297
BayeScan,302
BayeScan,314
BayeScan,433
BayeScan,460
BayeScan,494
BayeScan,512
BayeScan,526
BayeScan,546
BayeScan,564
BayeScan,572
BayeScan,573
BayeScan,607
BayeScan,642
BayeScan,657
BayeScan,712
BayeScan,717
BayeScan,774
BayeScan,793
BayeScan,817
BayeScan,827
BayeScan,946
BayeScan,958
BayeScan,962
BayeScan,977
BayeScan,1037
BayeScan,1071
BayeScan,1140
BayeScan,1221
BayeScan,1222
BayeScan,1248
BayeScan,1265
BayeScan,1269
BayeScan,1277
BayeScan,1293
BayeScan,1295
BayeScan,1313
BayeScan,1360
BayeScan,1361
BayeScan,1372
BayeScan,1373
BayeScan,1465
BayeScan,1472
BayeScan,1494
BayeScan,1517
BayeScan,1536
BayeScan,1604
BayeScan,1700
BayeScan,1768
BayeScan,1810
BayeScan,1848
BayeScan,1868
BayeScan,1887
BayeScan,1888
BayeScan,1894
BayeScan,1935
BayeScan,1936
BayeScan,1982
BayeScan,1993
BayeScan,2028
BayeScan,2029
BayeScan,2032
BayeScan,2033
BayeScan,2035
BayeScan,2048
BayeScan,2049
BayeScan,2057
BayeScan,2058
BayeScan,2108
BayeScan,2109
BayeScan,2110
BayeScan,2112
BayeScan,2119
BayeScan,2133
BayeScan,2139
BayeScan,2179
BayeScan,2197
BayeScan,2199
BayeScan,2206
BayeScan,2215
BayeScan,2224
BayeScan,2238
BayeScan,2261
BayeScan,2276
BayeScan,2287
BayeScan,2297
BayeScan,2322
BayeScan,2335
BayeScan,2353
BayeScan,2363
BayeScan,2373
BayeScan,2375
BayeScan,2417
BayeScan,2437
BayeScan,2456
BayeScan,2514
BayeScan,2515
BayeScan,2519
BayeScan,2549
BayeScan,2573
BayeScan,2621
BayeScan,2639
BayeScan,2648
BayeScan,2677
BayeScan,2708
BayeScan,2739
BayeScan,2747
BayeScan,2758
BayeScan,2777
BayeScan,2790
BayeScan,2797
BayeScan,2883
BayeScan,2884
BayeScan,2908
BayeScan,2909
BayeScan,2910
BayeScan,2911
BayeScan,2939
BayeScan,2957
BayeScan,2958
BayeScan,2967
BayeScan,2968
BayeScan,2984
BayeScan,3112
BayeScan,3121
BayeScan,3137
BayeScan,3138
BayeScan,3151
BayeScan,3156
BayeScan,3158
BayeScan,3171
BayeScan,3204
BayeScan,3313
BayeScan,3318
BayeScan,3323
BayeScan,3329
BayeScan,3337
BayeScan,3338
BayeScan,3392
BayeScan,3395
BayeScan,3409
BayeScan,3416
BayeScan,3451
BayeScan,3462
BayeScan,3469
BayeScan,3483
BayeScan,3484
BayeScan,3495
BayeScan,3550
BayeScan,3554
BayeScan,3569
BayeScan,3618
BayeScan,3623
BayeScan,3641
BayeScan,3657
BayeScan,3708
BayeScan,3720
BayeScan,3739
BayeScan,3755
BayeScan,3758
BayeScan,3792
BayeScan,3819
BayeScan,3861
BayeScan,3877
BayeScan,3883
BayeScan,3891
BayeScan,3903
BayeScan,3906
BayeScan,3972
BayeScan,3980
BayeScan,3981
BayeScan,3989
BayeScan,4035
BayeScan,4094
BayeScan,4095
BayeScan,4108
BayeScan,4112
BayeScan,4154
BayeScan,4175
BayeScan,4196
BayeScan,4285
BayeScan,4300
BayeScan,4301
BayeScan,4303
BayeScan,4304
BayeScan,4308
BayeScan,4333
BayeScan,4344
BayeScan,4367
BayeScan,4457
BayeScan,4476
BayeScan,4479
BayeScan,4508
BayeScan,4514
BayeScan,4555
BayeScan,4568
BayeScan,4577
BayeScan,4605
BayeScan,4635
BayeScan,4639
BayeScan,4643
BayeScan,4653
BayeScan,4667
BayeScan,4693
BayeScan,4701
BayeScan,4702
BayeScan,4717
BayeScan,4735
BayeScan,4771
BayeScan,4788
BayeScan,4796
BayeScan,4797
BayeScan,4802
BayeScan,4825
BayeScan,4839
BayeScan,4889
BayeScan,4890
BayeScan,4941
BayeScan,5023
BayeScan,5074
BayeScan,5081
BayeScan,5178
BayeScan,5183
BayeScan,5215
BayeScan,5262
BayeScan,5301
BayeScan,5319
BayeScan,5351
BayeScan,5356
BayeScan,5377
BayeScan,5404
BayeScan,5420
BayeScan,5425
BayeScan,5472
BayeScan,5473
BayeScan,5488
BayeScan,5517
BayeScan,5523
BayeScan,5524
BayeScan,5534
BayeScan,5550
BayeScan,5566
BayeScan,5574
BayeScan,5623
BayeScan,5630
BayeScan,5751
BayeScan,5763
BayeScan,5789
BayeScan,5802
BayeScan,5895
BayeScan,5907
BayeScan,5911
BayeScan,5931
BayeScan,5944
BayeScan,5968
BayeScan,6000
BayeScan,6058
BayeScan,6059
BayeScan,6069
BayeScan,6070
BayeScan,6147
BayeScan,6157
BayeScan,6172
BayeScan,6184
BayeScan,6187
BayeScan,6207
BayeScan,6225
BayeScan,6226
BayeScan,6236
BayeScan,6301
BayeScan,6304
BayeScan,6306
BayeScan,6316
BayeScan,6353
BayeScan,6354
BayeScan,6355
BayeScan,6424
BayeScan,6442
BayeScan,6455
BayeScan,6456
BayeScan,6527
BayeScan,6577
BayeScan,6581
BayeScan,6585
BayeScan,6589
BayeScan,6628
BayeScan,6636
BayeScan,6679
BayeScan,6707
BayeScan,6716
BayeScan,6761
BayeScan,6798
BayeScan,6837
BayeScan,6838
BayeScan,6883
BayeScan,6920
BayeScan,6930
BayeScan,6987
BayeScan,7019
BayeScan,7047
BayeScan,7055
BayeScan,7058
BayeScan,7060
BayeScan,7068
BayeScan,7092
BayeScan,7114
BayeScan,7118
BayeScan,7134
BayeScan,7140
BayeScan,7184
BayeScan,7185
BayeScan,7234
BayeScan,7235
BayeScan,7310
BayeScan,7354
BayeScan,7373
BayeScan,7397
BayeScan,7408
BayeScan,7418
BayeScan,7421
BayeScan,7425
BayeScan,7457
BayeScan,7486
BayeScan,7527
BayeScan,7528
BayeScan,7529
BayeScan,7542
BayeScan,7553
BayeScan,7588
BayeScan,7594
BayeScan,7608
BayeScan,7609
BayeScan,7611
BayeScan,7618
BayeScan,7641
BayeScan,7724
BayeScan,7759
BayeScan,7762
BayeScan,7801
BayeScan,7802
BayeScan,7869
BayeScan,7870
BayeScan,7914
BayeScan,7915
BayeScan,7966
BayeScan,8058
BayeScan,8091
BayeScan,8142
BayeScan,8160
BayeScan,8162
BayeScan,8165
BayeScan,8175
BayeScan,8187
BayeScan,8211
BayeScan,8242
BayeScan,8302
BayeScan,8303
BayeScan,8357
BayeScan,8380
BayeScan,8400
BayeScan,8433
BayeScan,8453
BayeScan,8502
BayeScan,8508
BayeScan,8518
BayeScan,8557
BayeScan,8561
BayeScan,8618
BayeScan,8652
BayeScan,8655
BayeScan,8684
BayeScan,8701
BayeScan,8736
BayeScan,8773
BayeScan,8776
BayeScan,8778
BayeScan,8819
BayeScan,8873
BayeScan,8875
BayeScan,8882
BayeScan,8887
BayeScan,8919
BayeScan,8922
BayeScan,8923
BayeScan,8929
BayeScan,8964
BayeScan,8977
BayeScan,9021
BayeScan,9046
BayeScan,9048
BayeScan,9051
BayeScan,9060
BayeScan,9077
BayeScan,9092
BayeScan,9093
BayeScan,9097
BayeScan,9117
BayeScan,9121
Arl,11
Arl,16
Arl,25
Arl,51
Arl,75
Arl,83
Arl,106
Arl,112
Arl,118
Arl,121
Arl,122
Arl,133
Arl,161
Arl,183
Arl,222
Arl,248
Arl,276
Arl,290
Arl,297
Arl,314
Arl,325
Arl,326
Arl,383
Arl,441
Arl,454
Arl,471
Arl,472
Arl,498
Arl,501
Arl,504
Arl,526
Arl,572
Arl,573
Arl,584
Arl,588
Arl,605
Arl,627
Arl,642
Arl,657
Arl,675
Arl,677
Arl,724
Arl,725
Arl,753
Arl,774
Arl,810
Arl,841
Arl,847
Arl,913
Arl,922
Arl,946
Arl,981
Arl,982
Arl,1124
Arl,1140
Arl,1157
Arl,1217
Arl,1221
Arl,1222
Arl,1248
Arl,1252
Arl,1262
Arl,1295
Arl,1328
Arl,1331
Arl,1360
Arl,1372
Arl,1373
Arl,1401
Arl,1405
Arl,1413
Arl,1420
Arl,1421
Arl,1439
Arl,1457
Arl,1465
Arl,1526
Arl,1531
Arl,1561
Arl,1608
Arl,1619
Arl,1622
Arl,1658
Arl,1684
Arl,1687
Arl,1691
Arl,1727
Arl,1802
Arl,1810
Arl,1848
Arl,1856
Arl,1857
Arl,1860
Arl,1863
Arl,1897
Arl,1904
Arl,1935
Arl,1936
Arl,1937
Arl,1946
Arl,1957
Arl,2002
Arl,2008
Arl,2026
Arl,2029
Arl,2037
Arl,2048
Arl,2049
Arl,2057
Arl,2058
Arl,2104
Arl,2105
Arl,2108
Arl,2109
Arl,2110
Arl,2119
Arl,2133
Arl,2139
Arl,2152
Arl,2157
Arl,2161
Arl,2179
Arl,2187
Arl,2197
Arl,2198
Arl,2215
Arl,2218
Arl,2239
Arl,2246
Arl,2257
Arl,2273
Arl,2299
Arl,2320
Arl,2322
Arl,2335
Arl,2373
Arl,2375
Arl,2378
Arl,2398
Arl,2402
Arl,2437
Arl,2454
Arl,2456
Arl,2462
Arl,2469
Arl,2514
Arl,2515
Arl,2549
Arl,2561
Arl,2573
Arl,2595
Arl,2611
Arl,2635
Arl,2639
Arl,2677
Arl,2708
Arl,2713
Arl,2747
Arl,2749
Arl,2758
Arl,2792
Arl,2797
Arl,2843
Arl,2895
Arl,2908
Arl,2909
Arl,2910
Arl,2911
Arl,2915
Arl,2921
Arl,2947
Arl,2957
Arl,2958
Arl,2967
Arl,2968
Arl,2973
Arl,2984
Arl,2989
Arl,2997
Arl,3010
Arl,3038
Arl,3070
Arl,3121
Arl,3138
Arl,3153
Arl,3250
Arl,3259
Arl,3281
Arl,3313
Arl,3318
Arl,3338
Arl,3352
Arl,3378
Arl,3388
Arl,3395
Arl,3409
Arl,3412
Arl,3413
Arl,3414
Arl,3415
Arl,3439
Arl,3451
Arl,3483
Arl,3489
Arl,3490
Arl,3491
Arl,3497
Arl,3550
Arl,3552
Arl,3561
Arl,3569
Arl,3578
Arl,3594
Arl,3595
Arl,3623
Arl,3657
Arl,3665
Arl,3690
Arl,3720
Arl,3734
Arl,3735
Arl,3736
Arl,3738
Arl,3739
Arl,3758
Arl,3774
Arl,3782
Arl,3792
Arl,3810
Arl,3816
Arl,3848
Arl,3861
Arl,3879
Arl,3891
Arl,3904
Arl,3906
Arl,3921
Arl,3943
Arl,3947
Arl,3995
Arl,4004
Arl,4007
Arl,4022
Arl,4035
Arl,4089
Arl,4094
Arl,4095
Arl,4103
Arl,4128
Arl,4137
Arl,4150
Arl,4159
Arl,4175
Arl,4210
Arl,4226
Arl,4250
Arl,4276
Arl,4300
Arl,4301
Arl,4303
Arl,4304
Arl,4309
Arl,4312
Arl,4344
Arl,4361
Arl,4394
Arl,4396
Arl,4409
Arl,4430
Arl,4438
Arl,4441
Arl,4457
Arl,4468
Arl,4473
Arl,4476
Arl,4490
Arl,4531
Arl,4535
Arl,4536
Arl,4541
Arl,4563
Arl,4568
Arl,4577
Arl,4603
Arl,4604
Arl,4606
Arl,4609
Arl,4613
Arl,4635
Arl,4639
Arl,4643
Arl,4652
Arl,4653
Arl,4667
Arl,4693
Arl,4716
Arl,4735
Arl,4756
Arl,4762
Arl,4763
Arl,4784
Arl,4795
Arl,4796
Arl,4797
Arl,4802
Arl,4822
Arl,4825
Arl,4830
Arl,4831
Arl,4864
Arl,4889
Arl,4890
Arl,4941
Arl,4947
Arl,4976
Arl,4977
Arl,5014
Arl,5079
Arl,5081
Arl,5123
Arl,5168
Arl,5177
Arl,5215
Arl,5256
Arl,5262
Arl,5287
Arl,5298
Arl,5319
Arl,5339
Arl,5351
Arl,5355
Arl,5356
Arl,5377
Arl,5419
Arl,5429
Arl,5441
Arl,5442
Arl,5488
Arl,5517
Arl,5562
Arl,5611
Arl,5612
Arl,5613
Arl,5627
Arl,5630
Arl,5641
Arl,5645
Arl,5672
Arl,5680
Arl,5763
Arl,5767
Arl,5777
Arl,5789
Arl,5794
Arl,5802
Arl,5835
Arl,5869
Arl,5890
Arl,5931
Arl,5969
Arl,6010
Arl,6056
Arl,6058
Arl,6059
Arl,6070
Arl,6091
Arl,6147
Arl,6157
Arl,6164
Arl,6184
Arl,6187
Arl,6207
Arl,6225
Arl,6226
Arl,6236
Arl,6240
Arl,6303
Arl,6306
Arl,6316
Arl,6318
Arl,6326
Arl,6362
Arl,6414
Arl,6419
Arl,6420
Arl,6424
Arl,6455
Arl,6456
Arl,6498
Arl,6504
Arl,6510
Arl,6577
Arl,6581
Arl,6585
Arl,6589
Arl,6605
Arl,6620
Arl,6632
Arl,6636
Arl,6650
Arl,6709
Arl,6741
Arl,6761
Arl,6762
Arl,6766
Arl,6792
Arl,6794
Arl,6796
Arl,6798
Arl,6841
Arl,6865
Arl,6883
Arl,6892
Arl,6904
Arl,6920
Arl,6930
Arl,6987
Arl,7007
Arl,7008
Arl,7012
Arl,7047
Arl,7056
Arl,7058
Arl,7060
Arl,7068
Arl,7072
Arl,7082
Arl,7086
Arl,7092
Arl,7103
Arl,7110
Arl,7111
Arl,7114
Arl,7134
Arl,7138
Arl,7139
Arl,7140
Arl,7150
Arl,7152
Arl,7153
Arl,7158
Arl,7164
Arl,7179
Arl,7184
Arl,7185
Arl,7187
Arl,7195
Arl,7233
Arl,7234
Arl,7235
Arl,7277
Arl,7318
Arl,7338
Arl,7385
Arl,7402
Arl,7403
Arl,7408
Arl,7418
Arl,7421
Arl,7457
Arl,7486
Arl,7507
Arl,7527
Arl,7528
Arl,7538
Arl,7544
Arl,7588
Arl,7611
Arl,7624
Arl,7650
Arl,7676
Arl,7692
Arl,7714
Arl,7724
Arl,7751
Arl,7762
Arl,7788
Arl,7801
Arl,7894
Arl,7914
Arl,7915
Arl,7967
Arl,8003
Arl,8009
Arl,8015
Arl,8041
Arl,8058
Arl,8105
Arl,8146
Arl,8150
Arl,8160
Arl,8164
Arl,8174
Arl,8175
Arl,8187
Arl,8192
Arl,8200
Arl,8205
Arl,8237
Arl,8242
Arl,8261
Arl,8311
Arl,8317
Arl,8319
Arl,8359
Arl,8365
Arl,8380
Arl,8384
Arl,8403
Arl,8435
Arl,8436
Arl,8445
Arl,8453
Arl,8485
Arl,8508
Arl,8518
Arl,8557
Arl,8561
Arl,8566
Arl,8573
Arl,8594
Arl,8616
Arl,8652
Arl,8655
Arl,8666
Arl,8684
Arl,8707
Arl,8748
Arl,8749
Arl,8776
Arl,8777
Arl,8784
Arl,8797
Arl,8798
Arl,8799
Arl,8819
Arl,8857
Arl,8873
Arl,8875
Arl,8887
Arl,8893
Arl,8904
Arl,8905
Arl,8916
Arl,8919
Arl,8932
Arl,8938
Arl,8952
Arl,8964
Arl,8973
Arl,9001
Arl,9005
Arl,9021
Arl,9029
Arl,9030
Arl,9051
Arl,9060
ArlHeir,1
ArlHeir,11
ArlHeir,106
ArlHeir,112
ArlHeir,121
ArlHeir,122
ArlHeir,133
ArlHeir,161
ArlHeir,183
ArlHeir,276
ArlHeir,290
ArlHeir,314
ArlHeir,325
ArlHeir,326
ArlHeir,383
ArlHeir,435
ArlHeir,454
ArlHeir,471
ArlHeir,472
ArlHeir,522
ArlHeir,526
ArlHeir,605
ArlHeir,677
ArlHeir,724
ArlHeir,725
ArlHeir,753
ArlHeir,810
ArlHeir,841
ArlHeir,906
ArlHeir,908
ArlHeir,933
ArlHeir,946
ArlHeir,981
ArlHeir,982
ArlHeir,1079
ArlHeir,1200
ArlHeir,1213
ArlHeir,1221
ArlHeir,1222
ArlHeir,1246
ArlHeir,1248
ArlHeir,1252
ArlHeir,1262
ArlHeir,1295
ArlHeir,1324
ArlHeir,1360
ArlHeir,1372
ArlHeir,1373
ArlHeir,1401
ArlHeir,1405
ArlHeir,1413
ArlHeir,1439
ArlHeir,1465
ArlHeir,1658
ArlHeir,1684
ArlHeir,1687
ArlHeir,1810
ArlHeir,1848
ArlHeir,1856
ArlHeir,1857
ArlHeir,1863
ArlHeir,1957
ArlHeir,2008
ArlHeir,2029
ArlHeir,2048
ArlHeir,2062
ArlHeir,2104
ArlHeir,2105
ArlHeir,2119
ArlHeir,2133
ArlHeir,2139
ArlHeir,2152
ArlHeir,2157
ArlHeir,2161
ArlHeir,2179
ArlHeir,2187
ArlHeir,2197
ArlHeir,2215
ArlHeir,2218
ArlHeir,2246
ArlHeir,2257
ArlHeir,2273
ArlHeir,2320
ArlHeir,2335
ArlHeir,2373
ArlHeir,2375
ArlHeir,2398
ArlHeir,2437
ArlHeir,2456
ArlHeir,2469
ArlHeir,2514
ArlHeir,2515
ArlHeir,2561
ArlHeir,2685
ArlHeir,2717
ArlHeir,2765
ArlHeir,2797
ArlHeir,2895
ArlHeir,2908
ArlHeir,2909
ArlHeir,2910
ArlHeir,2911
ArlHeir,2921
ArlHeir,2947
ArlHeir,2957
ArlHeir,2958
ArlHeir,2967
ArlHeir,2968
ArlHeir,2989
ArlHeir,3010
ArlHeir,3070
ArlHeir,3121
ArlHeir,3153
ArlHeir,3250
ArlHeir,3259
ArlHeir,3281
ArlHeir,3318
ArlHeir,3338
ArlHeir,3378
ArlHeir,3388
ArlHeir,3395
ArlHeir,3409
ArlHeir,3414
ArlHeir,3415
ArlHeir,3439
ArlHeir,3451
ArlHeir,3483
ArlHeir,3522
ArlHeir,3552
ArlHeir,3623
ArlHeir,3657
ArlHeir,3707
ArlHeir,3733
ArlHeir,3738
ArlHeir,3739
ArlHeir,3758
ArlHeir,3774
ArlHeir,3780
ArlHeir,3782
ArlHeir,3792
ArlHeir,3894
ArlHeir,3904
ArlHeir,3906
ArlHeir,3947
ArlHeir,3979
ArlHeir,4003
ArlHeir,4004
ArlHeir,4035
ArlHeir,4094
ArlHeir,4128
ArlHeir,4137
ArlHeir,4150
ArlHeir,4159
ArlHeir,4175
ArlHeir,4226
ArlHeir,4276
ArlHeir,4309
ArlHeir,4312
ArlHeir,4430
ArlHeir,4438
ArlHeir,4441
ArlHeir,4468
ArlHeir,4473
ArlHeir,4476
ArlHeir,4490
ArlHeir,4534
ArlHeir,4541
ArlHeir,4577
ArlHeir,4604
ArlHeir,4635
ArlHeir,4639
ArlHeir,4652
ArlHeir,4667
ArlHeir,4716
ArlHeir,4735
ArlHeir,4756
ArlHeir,4762
ArlHeir,4763
ArlHeir,4784
ArlHeir,4795
ArlHeir,4797
ArlHeir,4802
ArlHeir,4822
ArlHeir,4825
ArlHeir,4831
ArlHeir,4864
ArlHeir,4889
ArlHeir,4941
ArlHeir,4976
ArlHeir,4977
ArlHeir,5077
ArlHeir,5079
ArlHeir,5081
ArlHeir,5206
ArlHeir,5285
ArlHeir,5349
ArlHeir,5351
ArlHeir,5355
ArlHeir,5377
ArlHeir,5419
ArlHeir,5429
ArlHeir,5442
ArlHeir,5488
ArlHeir,5535
ArlHeir,5611
ArlHeir,5613
ArlHeir,5627
ArlHeir,5630
ArlHeir,5645
ArlHeir,5672
ArlHeir,5681
ArlHeir,5763
ArlHeir,5789
ArlHeir,5794
ArlHeir,5802
ArlHeir,5807
ArlHeir,5890
ArlHeir,5912
ArlHeir,6056
ArlHeir,6058
ArlHeir,6073
ArlHeir,6076
ArlHeir,6147
ArlHeir,6157
ArlHeir,6164
ArlHeir,6171
ArlHeir,6242
ArlHeir,6316
ArlHeir,6379
ArlHeir,6419
ArlHeir,6437
ArlHeir,6504
ArlHeir,6510
ArlHeir,6581
ArlHeir,6585
ArlHeir,6589
ArlHeir,6605
ArlHeir,6632
ArlHeir,6636
ArlHeir,6650
ArlHeir,6741
ArlHeir,6792
ArlHeir,6796
ArlHeir,6798
ArlHeir,6841
ArlHeir,6865
ArlHeir,6892
ArlHeir,6904
ArlHeir,6920
ArlHeir,6970
ArlHeir,7007
ArlHeir,7008
ArlHeir,7058
ArlHeir,7060
ArlHeir,7068
ArlHeir,7074
ArlHeir,7082
ArlHeir,7086
ArlHeir,7092
ArlHeir,7103
ArlHeir,7114
ArlHeir,7134
ArlHeir,7164
ArlHeir,7179
ArlHeir,7234
ArlHeir,7235
ArlHeir,7277
ArlHeir,7338
ArlHeir,7385
ArlHeir,7402
ArlHeir,7403
ArlHeir,7408
ArlHeir,7418
ArlHeir,7420
ArlHeir,7421
ArlHeir,7457
ArlHeir,7507
ArlHeir,7588
ArlHeir,7650
ArlHeir,7669
ArlHeir,7670
ArlHeir,7671
ArlHeir,7714
ArlHeir,7762
ArlHeir,7780
ArlHeir,7788
ArlHeir,7914
ArlHeir,7915
ArlHeir,7956
ArlHeir,8003
ArlHeir,8015
ArlHeir,8041
ArlHeir,8072
ArlHeir,8105
ArlHeir,8146
ArlHeir,8160
ArlHeir,8175
ArlHeir,8187
ArlHeir,8192
ArlHeir,8242
ArlHeir,8252
ArlHeir,8311
ArlHeir,8317
ArlHeir,8319
ArlHeir,8336
ArlHeir,8359
ArlHeir,8403
ArlHeir,8435
ArlHeir,8436
ArlHeir,8445
ArlHeir,8518
ArlHeir,8561
ArlHeir,8573
ArlHeir,8579
ArlHeir,8616
ArlHeir,8652
ArlHeir,8655
ArlHeir,8666
ArlHeir,8684
ArlHeir,8797
ArlHeir,8798
ArlHeir,8799
ArlHeir,8819
ArlHeir,8842
ArlHeir,8852
ArlHeir,8857
ArlHeir,8873
ArlHeir,8875
ArlHeir,8887
ArlHeir,8893
ArlHeir,8916
ArlHeir,8919
ArlHeir,8952
ArlHeir,8964
ArlHeir,8973
ArlHeir,9001
ArlHeir,9005
ArlHeir,9021
ArlHeir,9029
ArlHeir,9030
ArlHeir,9051
